{
 "*": {
  "UAG": {
   "frequency": 0.0
  }, 
  "UGA": {
   "frequency": 0.3576642335766423
  }, 
  "UAA": {
   "frequency": 0.6423357664233577
  }
 }, 
 "A": {
  "GCA": {
   "frequency": 0.24242424242424243
  }, 
  "GCC": {
   "frequency": 0.1919191919191919
  }, 
  "GCU": {
   "frequency": 0.12121212121212122
  }, 
  "GCG": {
   "frequency": 0.4444444444444444
  }
 }, 
 "C": {
  "UGC": {
   "frequency": 0.5772005772005773
  }, 
  "UGU": {
   "frequency": 0.42279942279942284
  }
 }, 
 "E": {
  "GAG": {
   "frequency": 0.29558634020618557
  }, 
  "GAA": {
   "frequency": 0.7044136597938144
  }
 }, 
 "D": {
  "GAU": {
   "frequency": 0.46
  }, 
  "GAC": {
   "frequency": 0.54
  }
 }, 
 "G": {
  "GGU": {
   "frequency": 0.6060606060606061
  }, 
  "GGG": {
   "frequency": 0.0
  }, 
  "GGA": {
   "frequency": 0.0
  }, 
  "GGC": {
   "frequency": 0.3939393939393939
  }
 }, 
 "F": {
  "UUU": {
   "frequency": 0.45
  }, 
  "UUC": {
   "frequency": 0.55
  }
 }, 
 "I": {
  "AUU": {
   "frequency": 0.5820752914198357
  }, 
  "AUC": {
   "frequency": 0.34702847315115615
  }, 
  "AUA": {
   "frequency": 0.07089623542900822
  }
 }, 
 "H": {
  "CAC": {
   "frequency": 0.45275181723779856
  }, 
  "CAU": {
   "frequency": 0.5472481827622014
  }
 }, 
 "K": {
  "AAG": {
   "frequency": 0.49
  }, 
  "AAA": {
   "frequency": 0.51
  }
 }, 
 "M": {
  "AUG": {
   "frequency": 1.0
  }
 }, 
 "L": {
  "CUU": {
   "frequency": 0.02
  }, 
  "CUG": {
   "frequency": 0.78
  }, 
  "CUC": {
   "frequency": 0.03
  }, 
  "CUA": {
   "frequency": 0.0
  }, 
  "UUG": {
   "frequency": 0.14
  }, 
  "UUA": {
   "frequency": 0.03
  }
 }, 
 "N": {
  "AAU": {
   "frequency": 0.4726604711476119
  }, 
  "AAC": {
   "frequency": 0.5273395288523882
  }
 }, 
 "Q": {
  "CAA": {
   "frequency": 0.45
  }, 
  "CAG": {
   "frequency": 0.55
  }
 }, 
 "P": {
  "CCU": {
   "frequency": 0.09
  }, 
  "CCG": {
   "frequency": 0.81
  }, 
  "CCA": {
   "frequency": 0.1
  }, 
  "CCC": {
   "frequency": 0.0
  }
 }, 
 "S": {
  "UCU": {
   "frequency": 0.10204081632653061
  }, 
  "AGC": {
   "frequency": 0.6938775510204082
  }, 
  "UCG": {
   "frequency": 0.05102040816326531
  }, 
  "UCC": {
   "frequency": 0.1326530612244898
  }, 
  "UCA": {
   "frequency": 0.02040816326530612
  }, 
  "AGU": {
   "frequency": 0.0
  }
 }, 
 "R": {
  "AGG": {
   "frequency": 0.02671690357938003
  }, 
  "CGC": {
   "frequency": 0.4447679397157047
  }, 
  "AGA": {
   "frequency": 0.023462921733173492
  }, 
  "CGA": {
   "frequency": 0.073642747045727
  }, 
  "CGG": {
   "frequency": 0.07021750299708854
  }, 
  "CGU": {
   "frequency": 0.3611919849289262
  }
 }, 
 "T": {
  "ACC": {
   "frequency": 0.57
  }, 
  "ACA": {
   "frequency": 0.0
  }, 
  "ACG": {
   "frequency": 0.33
  }, 
  "ACU": {
   "frequency": 0.1
  }
 }, 
 "W": {
  "UGG": {
   "frequency": 1.0
  }
 }, 
 "V": {
  "GUA": {
   "frequency": 0.1735462488701416
  }, 
  "GUC": {
   "frequency": 0.17640855679421516
  }, 
  "GUU": {
   "frequency": 0.2529376318168123
  }, 
  "GUG": {
   "frequency": 0.397107562518831
  }
 }, 
 "Y": {
  "UAU": {
   "frequency": 0.5342029907731467
  }, 
  "UAC": {
   "frequency": 0.46579700922685335
  }
 }
}
